"genes","GSM399666","GSM399667","GSM399669","GSM399676","GSM399679","GSM399682","GSM399685","GSM399689","GSM399717","GSM399718","GSM399719","GSM399761","GSM399762","GSM399763","GSM399765","GSM399766","GSM1924651","GSM1924653","GSM1924657","GSM1924664","GSM1924667","GSM1924668","GSM1924674","GSM1924675","GSM1924676","GSM1924677","GSM1924680","GSM1924681","GSM1924682","GSM1924684","GSM1924685","GSM1924686","GSM1924687","GSM1924688","GSM1924689","GSM1924690","GSM1924691","GSM1924692","GSM1924693","GSM1924694","GSM1924695","GSM1924696","GSM1924697","GSM1924698"
"ABCA1","6.33716913899629","7.05936399560226","8.02762931439553","7.20539790775166","7.19941851764402","7.1162968764501","7.38945577618643","6.93723717680666","6.40386811396073","6.67807784590735","6.32063218345908","6.29861642884887","6.73457957610159","6.59004140465801","6.38610060961993","5.98726663664741","7.44560288315912","6.40717901036345","6.46326028774451","6.73153473609696","7.33918674986192","7.27121277648582","7.35295005675522","7.13544936028808","7.92143119987026","7.20717616982914","7.33719336962677","7.15063676695324","7.23608520329667","6.45167034081426","6.00698358633826","6.66069587860406","7.02677845899117","5.87358862642003","7.06594486746699","5.37146389215631","6.93359905037503","5.96951440961181","6.72901826064655","7.05393879660995","6.23873314104261","6.59064755842752","6.94621988220107","6.2792885688829"
"ACVR1B","4.88101067904855","4.85854650413822","4.9746935660028","5.09536289404666","5.02017772058807","4.96533533779454","4.66722765636625","4.38568661809726","4.470569946648","4.60677899630396","4.47324044622324","4.82647986068851","4.72393371593826","4.77261391251512","4.74420356673289","4.46920246298831","5.06727189552906","4.91236464764782","5.02298775033012","5.11541951288183","4.58235347805429","4.7493850315235","5.03367190860463","4.89302630976321","5.32826253718814","5.19031456117505","4.79257816905755","4.73233535224116","4.6502176444957","4.92016235980464","4.74829353634854","4.77238418185022","4.50657836770646","4.68186973083863","4.61599287440695","4.66715967712115","4.66474213060475","4.35329347004119","4.26667236136904","4.47008626536533","4.55181595852231","4.69267366147522","4.41595864731439","4.57945693781886"
"ADIPOQ","3.29035874420367","3.51545423060123","3.94474770565695","3.24636649159727","3.61265249591675","3.45680298690817","3.35807156670592","3.35852924716534","3.62125596087137","3.6889534596042","3.05450680920661","3.22324598438976","3.5284695759552","3.03379051723472","3.81059216417889","3.25466024695201","2.89255967511091","3.42472087791758","3.61854931422422","3.57198459518465","3.74825435656452","3.15207031744483","3.73840845206162","3.44997730788047","3.46666354874644","3.57981011585749","3.41031670070958","3.55500388251135","3.58196952009972","3.84385358750814","3.5059703634836","3.66008102571334","2.89176637907691","3.40630398180497","3.47557476099203","3.71217603122631","3.37682514940694","3.56371805546878","3.33900941931617","3.28860454681921","3.16650721477938","3.59750998637937","3.42613865022021","3.07459344175307"
"ADM","8.85968822079437","10.1530668299388","10.2782088219449","10.28027699767","9.82249321301355","9.13606568009543","10.2419321195448","10.1644364460003","9.58021084198648","8.98891415987911","9.47757948579978","9.31530515663221","9.91072638164592","9.19006898756689","8.87153626750113","9.054211827691","9.03651592707956","10.3582481035092","9.50713483782099","9.65561375795425","10.127387053487","10.077462451387","9.92765795390285","9.75077665877013","9.96890780963336","10.3764134085137","8.85600899319191","10.1469438300363","10.1968223136065","9.51807655663138","9.26219020928262","9.66294537403915","8.6943238719194","9.30409772967467","9.76532763103257","8.8926534977447","9.30409772967467","9.23012016659155","9.19814385752795","9.69534777599839","9.48623120976525","9.27617382744847","9.32788956263707","9.39481495330072"
"ANGPTL2","3.63929080472481","4.08951234472105","3.96629863200838","3.96924653225165","3.89754919183933","3.72510957768122","3.81740012530145","4.10740798268914","3.87889743020669","3.6412998321284","3.83466709470935","3.40981476570551","3.68241024715781","3.44476461603255","3.90452759388027","3.61454340018931","4.0609848512966","4.04637658337997","4.35307758554693","3.78305590037836","3.66522131465524","3.79722352757034","3.75464458556249","4.13558620984998","3.53801043075901","2.95229385208129","3.58093409762538","3.81494719461719","3.63989978865322","4.28344154368323","4.08550313536731","3.89244538458152","4.0523221122627","3.87419920652132","3.46237611143462","3.52969387210197","3.28685361922387","3.58802230351846","3.84183240194584","3.94725621910499","3.67095842692469","3.74984087154855","3.81114178467982","3.86937659171169"
"ANGPTL8","3.84193620446873","3.83378649231058","3.55906732706632","4.10905604424229","4.19371894059885","3.81627283163477","3.92976233490483","4.69447725556613","3.91731998038813","3.87040562463441","3.86394416085269","3.9375734044722","3.76048176170497","3.95467439194603","3.63789973018207","4.46455475006596","4.37003199377674","3.46487069248103","4.09051079448821","4.4228822371901","3.94843498060952","4.0743664139695","4.03072129182406","3.86320721490147","3.60437591169436","3.96379724725399","3.92797268852248","4.21288696808022","3.79702376434504","4.13585387073639","3.83750999053588","3.51901437056558","3.91437129363586","3.88176467803488","4.1080626911618","4.12187413097859","4.26091199392065","3.78899929989357","4.2505372442486","3.64272561221574","3.80425457371716","4.01504142075886","3.7417867033136","4.20198045805616"
"AQP10","4.11489548425408","5.16544160010109","5.01717442282118","6.10118703050663","6.4980865139669","5.0852593277377","5.2604405948165","4.86897216163497","3.87475366584918","5.36774598545805","4.3257004851758","5.45968093109261","4.5256524225974","4.34023535324139","4.33919585824308","5.09646842597469","5.27367084485406","5.95387252212816","6.24895359481545","6.53551669555934","5.23491145741133","3.96763129580855","5.70661114241499","5.03069821288662","5.08804707869369","7.0438215664755","5.32731510093453","4.99252560877785","4.74456115141814","4.73915426617245","6.1863439941046","4.60575533106158","4.15469880310745","4.7763311175723","4.62741920702494","4.76075658901554","4.10211830361895","4.91795073545857","5.11548191644369","4.03572461833943","3.69696366646714","4.37160397933184","3.13752488952518","4.53831879008431"
"ATM","5.50040500806153","5.34684910121858","5.31431528684673","5.51851493168579","5.31504557740006","5.43543184015694","5.79470619794791","5.17189922887078","5.81706974595563","6.36730716146273","6.08265267021591","5.92672612894046","5.76845649302506","5.92467455167745","5.73820846566558","6.29223062412355","5.35985251573001","5.36428470276509","5.14208090453955","5.15781220495953","5.64232831151446","5.89168237864562","5.66120091717276","5.57600701247296","5.56808007141096","5.79166662045115","5.96514220287617","5.32037840901539","5.91286904476477","5.36748984495697","5.42756873795709","5.63648451393395","6.2876648114167","5.56540260374939","5.93739564334893","5.93189298326333","6.09244725054452","5.79060676324994","5.82341881845121","6.11035537043777","5.97499623414138","5.74984832856535","5.80508553922305","5.77224619744424"
"CAMP","7.50751352938359","9.51382041360131","8.5853048123348","9.6228259387658","7.91418475515325","10.6053310123979","7.76749665455116","8.53048885620518","7.36281856054724","7.18736725157138","7.13815434822178","8.06280381016618","7.85621814333542","8.55471665908996","7.42291503630474","7.37551472736528","9.70155000787729","9.80425772635797","9.53393352214955","9.2242781661616","7.61362086482469","7.46277177321906","8.90086087064992","10.4525189860275","8.16305614130895","7.52748632983292","7.8636749980119","7.10200010492827","7.87761439707364","8.21078457608905","7.43977381687175","7.66119050093945","7.61745945269485","8.38851052710491","7.83965882405391","7.72905252061052","7.65605142233378","8.23829172311999","7.16615100149794","7.31674658302102","7.49837174064823","8.1817514863245","7.98144601101674","8.60980764784583"
"CCNA2","4.37404747416517","4.8995137772872","4.90217309181675","4.45734650868695","5.00979106505086","4.62582235280549","4.42982395891893","4.71654114472374","4.41542058521386","4.33194487135292","4.56703796471312","4.05387251892126","3.88246086858611","4.02936510626708","4.39594904425227","3.99919559215883","4.71846454701509","4.78232772617102","4.53757623902679","4.35869922919098","4.40074755080588","4.45678270044632","4.73063585699699","4.3858684678653","4.30021478854881","4.66253782981101","4.52826389747773","4.52304554260016","4.48385667146172","4.46843227007808","4.55658878439341","3.87342803760447","4.28549164231872","4.07501571704582","4.8479744070699","3.89580179000973","4.44217587828351","4.85864639713286","4.48783881619158","4.80402068436544","4.43931328132355","3.82571223628183","4.29738399375656","4.39331660887641"
"CD160","7.58828417800569","5.72054686793122","4.60112828599664","4.11337640915074","4.06516355819512","5.28411395057549","6.86449674913078","6.2136790552276","6.49428958910295","6.47759059080346","6.32229811151159","6.98450085235097","6.70129302287612","6.07167112023151","6.08660840247001","6.36676209851657","4.8370493934944","5.34710667563549","4.69155497326968","5.08973137712174","5.42874612268368","5.8543959593437","6.04653971165447","5.03196247319187","5.78787926195901","4.89804892346862","6.07744359505531","5.14840816592832","5.68882656344227","5.19333074467971","6.88910962144975","7.56529803495972","6.93952057393854","5.48612775303191","6.70516647809414","6.22763370036242","7.86801855770307","6.54183270251119","6.65054206971386","6.22624908608893","6.40671499439297","6.34377260734066","6.5890673722061","5.71762026684686"
"CEACAM5","3.80605612726687","4.22293197390337","3.42102729307164","3.89966161184056","4.08147387582256","3.92111705005885","3.82774448707147","4.09143797389282","4.05147588449852","3.54676756827785","3.39746202334092","3.43979305985906","3.63922558657609","3.70528748882534","3.76232599866427","3.77168408833295","4.1463254144107","3.79140407420407","4.05574173618838","4.13605898128883","3.85774242889704","3.90982120292339","3.72331382848217","2.75899036217302","3.78552370433957","3.99483331945163","4.0030733472547","3.68251492275143","3.63105760971489","3.64366319892217","3.44233671458674","4.0037877116235","4.17916879371499","3.98310520938285","4.06502621843195","3.67488699712546","3.83968591279152","3.1153136438763","3.46829937407188","3.85734396990125","3.68172126613753","3.93588491923175","3.87021438544772","3.78590772273853"
"CEACAM8","5.42418993291794","7.9176031575145","6.4041006960214","7.68557999965124","7.33577118857481","8.93645714774089","4.54390082217405","6.72955051221091","4.53300949339381","4.57838442287512","4.32009063778548","5.82699080647266","4.38778374479951","6.08351338097016","3.99127500786526","3.50718033861411","7.44944683052133","5.79111548340131","5.54481846584665","6.28444503779826","4.71817475712658","5.55658265773248","6.26933489414611","9.29150036366429","6.07996708114784","6.43143694006065","5.55001056390446","4.2302164285844","5.55001056390446","6.34868404798978","4.70966594611571","3.91662448598849","6.19597934517565","5.90533450663253","5.44591806876813","5.21606886665752","4.37171992944292","5.82336425944525","5.14984751086479","5.10379181952371","5.84515940228182","5.61609634055727","4.7916438900904","7.11312128306654"
"CFL1","9.89753775605903","10.2440253131006","9.95319774579289","9.84493197775698","9.48495748653918","10.0819598057024","9.94343459047781","9.67101088727208","10.0496422464905","9.79750101155823","9.93839849203805","9.63219628117714","9.60193272756981","9.85600538876343","9.61785065855101","9.79994420253515","9.86649966369874","9.78831640097105","10.0372039119458","10.4045757535431","9.89396219043891","9.78112103702201","10.041870078251","9.7684985401025","10.1324310546818","10.3651975996428","9.9605847665129","10.0542150291633","9.9432261928987","9.87024012487679","9.85106791375019","9.74425304471235","9.64054348247387","9.96560887577327","9.61655794983557","9.63186646731418","9.43883716383728","9.42561178225917","9.30989717976161","9.68864592469272","10.017086792347","10.0238413950634","9.82343919575037","9.87439533780509"
"CLEC12A","6.94506493034556","7.50726061807451","8.72753864812382","8.89989260970892","8.09637374473898","7.66686780977269","8.04923192768955","8.40111521672475","7.72038723354819","7.07966485390416","5.21222029702346","6.63441221513283","7.43292271808405","6.93974508082216","6.64960194859293","5.07336102577932","8.74906658505958","8.80734674320439","7.41856938670168","8.18389734264836","7.19407833683818","8.78103308286474","8.45986704841015","6.58534361402006","6.87429853830508","8.93811690278264","6.72279717646773","8.03172545465631","6.21690063349395","6.97334467595069","5.8118104487335","5.81907098508826","7.77476115476466","6.04521640248392","8.41732651901437","7.2344190042584","6.42978212436983","7.83068289995515","6.53092907468711","8.20654988475","6.58500642002714","6.47349271444288","6.93380700656994","6.1806489477917"
"CLEC1B","4.76753305086674","7.13183295782033","6.09164946211668","7.15550534266127","6.85569972354739","5.95288148797902","6.42629845456412","6.9408819556004","5.47687294676698","5.11510251822443","5.750130641073","7.02596992315671","5.64755846472733","6.02881002355738","6.09471619613738","4.66216784851318","6.37299272839598","7.00602577251773","5.95557340702464","7.74897235509189","6.31090007211824","5.56835491120678","6.96130695272109","6.34443472678386","6.38688643679324","6.62774906584501","6.26539517614107","6.42922776614791","5.49873331582585","5.52483054780144","6.27116746844407","5.4998194511078","5.50561445329244","6.34523037469904","6.22387708336599","4.62683431555087","5.64396076548888","5.176581242179","5.93918281425157","5.09887735821421","4.81366349151394","6.52189240231674","6.20177580941121","6.4641130550617"
"CTDSPL","4.68451348358375","5.81984872325055","5.5281922497947","5.66071686260547","6.67952777348391","5.09314623041065","5.68320142378952","5.8316945347641","5.09975358717474","5.55219691939827","5.01098021261665","5.5455884535193","4.96813157613781","5.02194942152869","5.07764306219478","4.70831115494346","5.94487024420882","5.86053423827126","6.1365707698613","6.8709897540819","5.6113086698118","4.9076471801016","5.02604578451569","5.76795556148431","5.33283425528092","5.92007273021194","5.25323938311488","5.23541651500779","5.07794459275694","5.79287694661931","5.85915091288272","5.17096991672406","4.60108214536112","5.88156841592398","5.04038156826957","4.52457533574782","4.28342478918756","4.91339278576261","4.55514849494021","4.94394203532344","4.77928808541282","6.10357688773802","5.01767926200504","5.8764792685103"
"DEFA4","5.51830268470192","8.52062639892707","7.5594007468769","8.22352383786783","8.27267981063526","9.38824710346148","4.72380413560579","7.61118877339602","5.11976910457101","4.79686095986565","4.71557425824315","5.94881158528002","5.71773320797204","7.11566043416872","5.46656634739681","4.77592959266756","7.41067304786987","7.15735747779597","7.04747334300615","7.42720678146803","4.7643404807163","5.62166159141809","7.01637678288926","10.3883654205763","7.33487607644957","7.45769513189607","6.6515097059244","5.10278802229857","5.90206723667425","6.92639354506209","4.42053527954201","4.67623034769795","7.03911115054655","6.61107092106103","6.6872990283109","5.90132698559281","4.94453238557795","6.41138799946111","6.19088663122187","5.59255224678536","5.63596374431552","6.11376255797488","6.02048243291468","7.54949430030508"
"DPP4","5.27921190431644","5.23227338627542","4.9040154752724","5.01489871976199","4.72959416137627","4.57412032910876","4.50119164614456","4.86265051426716","5.18826354417926","4.91061910248486","5.29124497385421","5.45823538945016","4.6482908670027","4.75281347708019","4.90504414341755","4.91221045689782","4.45667452995919","4.91936535438853","4.78980398888293","4.90317538420827","4.74824308941252","5.07917972900838","5.0730624866137","4.91581602607682","4.63586943322744","4.76370590453474","5.07937804652477","4.75040039631104","4.81553168301337","4.69771551273284","5.20676353846753","4.88866095921138","4.67517902641262","4.74950922785926","5.22387450557552","5.11414430916756","5.09737134769235","5.34489381152013","5.08293526419527","5.12096219951428","4.83971349309573","5.21620898904312","5.04818586676374","5.30559162240633"
"ELANE","4.76534507222554","7.03226557083256","5.78893799562056","7.03337956346091","6.10697838440388","8.2912334902999","4.50697859999918","5.81416984830559","4.7591814401644","4.00647430427903","4.60182716491514","5.0260612136095","4.26867592754207","4.91264925860858","4.78504831820399","4.2031861500341","7.32214758820003","5.69941360378423","5.74847935613634","6.70093486116458","4.22734524601623","4.71243613099267","5.5057039889235","9.31451295759281","5.93578098184586","5.80302586630956","5.64086524267339","3.5993681081822","5.04823481232322","6.14010949953776","4.57050356342473","4.2389763918461","5.10032252253384","5.5408787577923","4.72840825968888","5.3085727823823","4.33770734028981","4.85876063210737","4.46360421879146","4.61687904133705","4.76093001811456","5.06577157943252","4.63467912185372","6.2690004263645"
"ESAM","4.6229289324085","5.44684489788388","5.22510236268371","5.45189330896663","5.87468539255656","5.14222438186781","5.50456429062208","6.38715092283429","4.95451143962546","5.23471334792142","4.80544596467129","5.06358892950538","4.85247961443966","5.45978333968548","4.66404163650753","4.6293068275863","5.22919661159539","5.36037428137541","5.65647229998371","6.51060288968067","5.52243451207926","4.7608146100084","5.14726871439441","5.87310063475176","5.00215639833135","6.09245837740658","5.15017127100017","5.95250157001463","4.92689947453833","5.35055196033773","5.17736199913935","5.16829348963471","4.4784635662967","5.68978615179204","4.84292853104389","4.72730796881057","4.20139509213508","5.27908022615551","4.70305184220689","4.52401765201226","4.4613830588832","5.61005368653269","4.7675594491067","5.54365597084182"
"F13A1","6.59186376986181","7.88019150207591","7.35558064588729","8.98314020409572","9.27836946469893","7.81452356943417","8.96231976173922","8.50830293200561","7.42345058491962","8.11367807451797","7.48650688027443","8.39418868162674","7.59442663938763","7.9395617505379","8.10121443674823","6.99242693395585","7.71029825871015","8.00953659028633","8.15225248547762","9.24203813745033","8.79058337297949","7.67494259505763","7.89084147488333","8.28777777542221","8.72305666823937","9.41024569780511","8.65845543961232","8.57133232843329","7.89903277585518","8.01285954368705","7.93384335899903","7.33064947731737","7.05562351563819","7.50614382003661","7.83465486513203","6.40864346824382","6.9238907561571","7.04784097568267","7.36496617369512","7.07892077752589","8.01562836002296","8.49955485132717","7.56257028203722","8.70326584019771"
"FCER1A","7.70923201533275","5.60652542548933","6.56073037216166","6.44336758886269","6.79109807947011","6.38169069459573","4.99238200515326","6.45502359334571","7.32758675225532","6.79728737381349","6.61285894660481","5.91944978552893","7.30956498672132","6.7034609058186","6.69946240811504","5.78456579608052","5.16828309314113","6.38146539068716","6.16292032069529","4.81458333529392","7.14289507531335","6.71626840351331","5.29015652268022","5.34154519461177","4.67350391753234","4.70733766071009","5.52017997718434","6.08083037410616","6.36228387081444","6.57886258307936","6.95941081208032","6.30371356976682","7.39784192036217","6.43987754461966","7.30450988622169","6.55318713880388","8.55119378509487","7.02489233237264","7.35176418101183","7.91947374080444","6.60450426878056","7.04669845167574","8.07891235731862","7.45539001028306"
"FGFBP2","8.97511880579813","8.00145148698097","8.157962899476","7.73954548505797","5.61174223428187","7.67110320988747","7.92942524865567","8.64760218767309","8.26788264930159","9.34676014428512","9.18070979123667","8.72049535789583","8.46635183903977","9.25200401753832","10.1271068579025","9.10794538737286","7.05970823269615","7.6546995519661","8.65467424573083","7.31183106990211","8.88972743794591","9.08620616998306","8.72509802186202","6.73839170810899","8.21275939258246","7.93545010603017","9.51952814661226","8.55496129926061","6.61450319438829","8.17846926744457","9.3607470273719","9.580354307448","9.34044800649393","8.36706329355582","9.01655058466731","7.88174537060989","9.02961026359509","8.3006276175021","8.73860488461873","8.36706329355582","9.1745859001674","8.31741836389318","8.97783793589001","8.40376859066773"
"FOLR3","11.1731057883249","8.8159922051664","8.40430567358585","9.24592537264198","7.52267123990029","8.20887769208743","8.345665828509","8.04039475283534","8.09666836546026","7.09009442469175","6.69299396598757","7.15272378751762","8.14271406066695","7.4736254321503","6.59101214566163","10.6845984526126","8.73163107597058","9.56832276714615","10.7635916926939","10.9166294682201","9.05871954813732","7.42463303834723","7.85097700842268","11.2976793002317","7.49332685215522","7.71690060003499","8.46962178702043","7.0605539681423","8.17190561264517","7.66244256721043","7.55513897097909","9.95718407064835","6.72982844381972","7.80530388822733","7.44332988451875","7.52560288677226","7.68561684972616","9.39067059234072","6.61348538237764","7.51044531950922","7.33994316452506","6.79269181104721","7.35484314122245","7.98392077087976"
"FOXO3","6.94045705522967","6.58043861976342","6.74041907624452","7.00882702937372","6.93562254781129","6.99982268474335","7.38970304621319","7.1021962105365","6.86567910748673","6.94691707424752","6.52170937156438","7.07839085793498","6.76810003683985","7.10369944550301","6.50208523292897","6.91277041454213","6.75600532534974","6.9003641616983","7.00053378576056","7.11222543285236","7.05526657845915","6.66449259735172","6.98428775741796","6.90364320232562","7.21290512831188","7.41131893049233","6.64145125304135","7.08979139781675","7.13526619018947","7.11037457523405","6.72291578097545","7.17169929766857","6.78167377618543","6.82842525117029","6.70919806840208","6.7993978505433","6.77119022864824","6.77973054458033","6.34230483586193","6.67766092989504","6.82814451820991","6.94757755119737","6.80093557464921","6.75206963161553"
"GIP","3.57215864903864","3.80660316726844","3.2656786948073","3.46154762778569","3.79070516965647","3.35498530363432","3.86529198784073","3.68875490051982","3.28036069668491","3.5544999861746","3.43973890239218","3.25492784050372","3.00172047942389","3.3191420489862","3.04950061439111","2.92726414845296","3.15002277969701","3.40777509884177","3.79785039113253","3.58077961058491","3.56298594582484","2.85868329003322","3.05149836536086","3.52012531068449","3.60805241284887","3.38888868395427","3.93593474122013","3.55925396566121","3.05812545990977","2.86337643165348","3.2755107773271","3.72090502125853","3.15600877476112","3.68959569658907","3.63402047820855","3.03840064345584","3.94636693260685","3.68095736170999","3.68897908701051","3.26260011298794","2.74378812259926","3.56086661873903","3.64229841333495","3.25560356580697"
"GP9","6.47814802222227","8.633430380791","8.20690634886627","8.14399701092829","9.23014757619829","8.09853842348733","8.45291744259396","8.18128986169666","7.55534236065316","7.91301664431917","8.35099465623978","7.70236240044137","7.77428701616132","7.71100026188668","7.8663046008462","7.45056306407828","8.47431123315946","9.01821184439067","9.23072652273961","10.2796953794278","8.46770761034359","6.5886392907654","8.5308334719336","8.63954432930765","7.9289639430954","9.3946129383392","7.8934262782436","8.28221439798796","7.00874738575186","8.28885075708152","8.55219432290385","7.83298351076361","6.46048554331398","8.59030897287905","7.50790914072778","6.89076409146356","6.39613593586552","7.90488720964279","7.1590372697696","6.74656536390834","7.11288779459777","8.57206825887053","7.20222577710324","8.48485633714917"
"GRB2","7.85990507140389","7.9668673259574","8.23665478815034","8.05101984479017","8.05766542488283","8.16475601348913","8.21178785533378","7.75733164784617","8.02321643945985","7.69272947666162","7.73078763877502","7.23293952077819","7.51388940894933","7.59821223881583","7.55649677444886","7.23785901314097","8.22404102626659","8.08054096517698","8.03186238085465","8.2235010221741","7.72049752215919","7.92725896404453","8.03266214361451","7.81821098052887","8.21581707536466","7.79711561079685","7.61432670062335","8.19356205412276","7.95917533782378","8.17244551743012","7.39330117215489","7.7034175771111","7.32840654629362","8.16618049768888","7.51537476604579","7.29733326749865","7.21523734087623","7.4434631433117","7.50674400247813","7.44043807937169","7.81322502274032","7.9843065502438","7.74939639948479","7.88470207191354"
"GZMB","9.90953682941008","9.72061531882927","8.98898534490611","8.24791824246713","7.35717490530407","8.57049071053036","8.69708010893337","9.41127279134978","8.93442515006708","10.0249078082331","10.1811878490946","9.63926945698777","9.56311411984355","10.4972353001492","11.1518777332732","10.800794357262","8.06802475658292","9.02215981642817","10.1136687611003","9.16700542996461","9.39900041111511","10.4109527090817","9.50942638309086","8.51935362130343","9.17503233705861","9.71995845002602","10.1648540588765","9.35844109690383","7.89925594303568","8.78603904667386","9.9898586611465","10.6312355016833","11.2518097858879","8.91260224328722","9.4083422119065","9.53042543523142","10.1295839649597","9.10814522209246","9.9840888143551","9.51220100278294","9.85172523449254","8.96934140673814","10.2722731233496","7.98166797250771"
"HBG2","8.75793871950925","12.2754644903649","8.50356535120109","10.0834932514149","11.861273668028","8.54631687252082","10.5765189324977","12.8683068709431","11.6913377942059","11.7944863591385","11.5552953857236","13.3679114837754","10.9878104566431","11.8623899678183","11.4102605080715","12.6373770478933","11.5612109545329","9.60363255691433","12.9379018009186","8.6888237659308","10.099228571837","10.8764231056419","10.8398765131138","10.1020116913826","11.7294136908362","11.7294136908362","11.4153193551842","12.484270121276","8.42607938805044","9.81313937722428","10.3909284634128","10.8833847365748","10.7165722435353","10.3060592475201","12.1344092809444","11.984086654978","10.4672459600254","11.5548237424037","11.2744786085811","13.0402563604315","11.6113755941847","13.0402563604315","12.9816397723247","11.5893892189492"
"HP","5.86017517614105","7.47104013203424","5.82587878106399","7.24419726809491","5.02208446902453","7.82446691708348","5.03814628719199","5.6143486239689","5.16861885045798","4.70017089361102","5.38248543850781","5.6694725001451","6.20707127109218","5.51688811166626","5.63695817586512","5.41653563068712","6.53792157881747","6.82981524384792","7.54719551491926","6.90790886044745","6.66469656055523","5.44387587101341","6.73397448166243","6.54882809455748","6.72680586080755","5.64748594460725","5.17324048088503","7.27392763553339","6.61866434216519","5.91867838534323","5.39580001739922","5.03408013239555","4.80439262961405","5.99136337500908","4.36613593644726","4.82936125631634","4.66515534367775","5.20647878811717","4.69842161192798","5.42945777764571","5.09490413716737","5.5303456490463","6.24740164632053","5.44024885913848"
"IL17RA","8.80515724388658","8.57868884852988","8.82353610806095","9.1186157264381","8.52776038953127","8.92736371678631","9.59683702956755","8.58115838734268","8.69662772812498","8.29595651846875","8.19108693938882","8.46497047504968","8.44251110143067","8.70493326137515","8.00522665736305","8.39007648276779","9.39022471624878","9.30451949816916","8.80809077906176","9.1708712689011","8.61058648198814","8.36194292400864","8.78459479378315","8.90293679346756","9.36457911199851","8.96927119721109","8.36421974743837","8.69633818281299","8.70459644682697","9.10270226810137","8.41743522452421","8.6154272173275","7.64752545842481","8.44690149953262","8.40567994066663","8.0701213916242","7.96837273378779","8.39065444041235","8.10999650402703","8.51484296767427","8.4921494462467","8.76308246669442","8.42029460994881","8.83081793267459"
"IL1RN","5.78231950582768","6.36878826790906","6.77808145371231","6.46289281017009","6.0835576833901","5.81338811656339","5.88072506870612","5.80590651287612","6.19502542021803","5.63878991682718","5.91716479523259","5.74098953104131","6.4640144837024","5.58445682977617","5.33921211317837","5.90414958155355","6.37726608221191","6.58923346163906","6.1548309082927","6.68506755378382","6.20967695064918","5.82474807063972","5.88147881715633","6.14311929244435","6.38311391856309","6.14917016713439","5.95626157537146","6.18644744566739","6.07481036730002","6.01997072704051","5.40993976599577","6.22649689950002","5.31388064957541","6.15623766600328","5.69801191533198","5.74893295840819","5.46913654186698","6.00828113031022","5.43324245188524","5.99599758905883","6.02950287492145","5.83257876052131","5.73580437448581","5.85454239279546"
"INS","3.63435086296584","3.66316348914152","3.63520443090761","3.94837808341596","3.60386223004802","3.56285800527953","3.78237254124782","3.43174511415212","3.89505973687949","3.43419327090352","3.44285674460154","4.22718059835761","3.42507053286501","3.74728622255096","4.04595608884034","4.30053293590286","3.96903608346315","3.95671182279331","3.94833691999475","4.19560710271495","3.74716688791246","3.56190744865028","4.23714123873687","4.06506054499231","3.46744577311925","4.01926944388996","3.80554459733652","3.76729373810881","3.3936600345327","3.61696670326181","3.60851286972705","3.71645678850664","3.53454644312482","3.90300241058489","3.51533421587499","3.52134854738339","3.22390755696463","3.9285531665315","3.79063213032774","4.03452932447329","3.72289644133389","3.86849273314427","3.19964238017671","3.51581704224051"
"ITGA2B","4.63560265486066","5.86488479221336","6.5184304697782","7.33618199702306","6.6135201446538","5.84484730946774","6.98742860389727","5.67526560063524","5.25888922502159","6.03927975660598","5.11700548669799","5.80570521230437","5.07757437731425","5.40017959591725","5.58084339977242","5.02906668344148","5.57694186546399","6.85835242111035","6.50010484487751","7.23349317955105","6.92562438040337","5.27282282631468","5.23084782432603","6.55043159629035","6.25819688944353","7.47745213813084","5.90639446291991","6.05350743472404","5.33871793560737","6.9904554987206","6.08077087961675","4.71988489671353","4.57407809845775","6.0268001478865","5.27445081715038","4.52797539392215","4.33022150811211","4.98439672625862","5.08072346635472","5.48061576473704","5.18671656803212","6.3722887365827","4.9181357541492","6.39782985575535"
"ITGB3","4.18816328742434","5.16407814532243","4.94935060059669","5.46647795867291","6.30353614617092","4.77691172975128","5.27107254589585","4.77000283884989","4.71757151729903","5.35051410594093","4.61925180603846","5.22930232611454","4.51501991938199","4.69389877186029","4.83873098047952","3.6314134761896","4.44979362404532","5.44137221789351","5.59686862268312","6.61910165396701","5.49540751112283","4.73647794545232","4.37074188207711","5.67343058381072","4.98500693454319","5.766134458199","5.1398328590787","5.11076405601745","4.55613479355726","5.33898956173742","5.24493412902718","4.06463303777391","4.44058256489828","5.2359227059399","4.27579073989981","4.37472784224371","4.06888687645616","4.07508513225145","4.63289448172736","4.18597687119447","4.44851435211712","5.56857222246791","3.96503602798849","5.22699038027706"
"ITGB5","4.63491686797407","5.48248059177449","5.38560113708207","6.16749026493588","6.7375441255628","5.06762913390548","6.13450699508612","6.0283037524757","5.21455174198943","5.5457687610128","5.23954483329325","5.61413437273944","4.95417246587382","4.91441870183549","5.07346459901863","4.62507003422019","5.74693320419279","6.25562183442402","6.27338876934274","6.88929376587956","5.78083924679571","5.10704327818166","5.22403669154423","5.69091260963988","5.47761227983947","6.35438564066598","5.49273097038457","5.59571231665241","5.08341713683205","5.6524981705577","5.67846070990729","4.71120965631144","4.66853408733804","5.79635759824459","4.84526301856851","4.57640264168994","4.68232827915097","5.21222453604621","4.66469415638363","4.76043594055204","4.71999237079917","5.99909765762304","4.90008265648166","5.96653237021752"
"KLRB1","10.2982444722809","8.55392252539444","7.82747181820012","7.90855028407009","6.76087954014194","8.01558984134436","8.71322562505413","9.8256892221506","9.54835139226141","8.93730121401601","9.84683530962239","9.9965416926323","9.05696019378845","9.09005027448098","9.62777454437071","9.32532832336427","8.91570637876177","9.06525229349157","8.28960128448642","7.49010512739553","8.30293675502278","9.05318701698766","7.84270888152497","7.64667295116898","7.87042794563657","7.52107863824286","8.3102441681592","8.11530011180202","8.53957009687353","8.12053435412068","10.1132944878699","9.66333504947136","10.2064948393359","9.17760222926332","10.2376171062275","9.88348647186496","10.2221897141972","9.90622724395638","10.2916191834533","9.40936615739632","9.01855084594119","8.60384603670889","9.54408796417222","8.81560309064843"
"LCN2","6.6953039854016","9.67382157036037","7.84795379863397","8.45871529777439","7.72671504519364","10.3619410356887","6.91836411648065","8.08093008496492","6.24914632862425","6.39280996943339","6.66159159322339","7.69340966958485","6.9959940908836","7.42007127512203","7.32632250269542","6.00232900551431","8.98058809623877","8.56812976506165","8.45488182180505","8.71695446925434","6.38689058690771","5.91575215149559","8.54653686349274","10.3073773449375","7.48289939234968","8.08107176733694","7.19888117746797","6.67049905226264","7.17730123014945","8.21008023060519","6.94554543589223","6.72618873891436","7.06834017960187","7.69749311502923","6.84420632451932","7.24631104505471","5.82739936493229","7.90435384805557","6.52257667604683","6.25962235582447","7.27211403504265","7.75179128703375","6.88000559308239","8.65631061426033"
"LEP","5.1027905920078","5.06654142659222","5.40870551001038","5.13186065494652","5.36559693206949","5.08740207448359","4.97805293058687","5.40105143040065","5.24775803022239","4.4594861619705","4.85767875555216","5.08740207448359","5.39629553787103","4.80525102953496","4.68651989593268","5.14223059898586","5.33789169096251","5.27316791378113","5.20327969258384","5.21704598062259","4.90976089254757","5.04072297795885","5.07079990087407","5.46298495144966","5.00506839393514","4.70324900327095","4.95518147712135","5.0667914766279","4.92003357664493","4.86882452480675","5.46217183570059","5.31459857135169","5.01865502236841","5.24833501428464","4.77338746230822","5.63492072168617","5.22368761562825","5.18321707055312","5.07140974989101","4.71814621540479","4.99803713843362","4.85730610600878","5.15883888656972","4.812251952172"
"MCEMP1","8.11978528308758","9.33727761210841","8.21705411554322","10.4026117679583","8.96932203461517","9.01474215272601","8.1526518720753","8.8600089556977","8.01559239661556","6.92302867426228","7.51791484421928","7.7250874301316","7.97240046082964","8.59980153594035","6.77538042217183","7.30774079683596","9.58703713012045","10.91658087502","9.63252661137429","8.92364018182885","8.94091020821063","8.30610904001788","8.86523092446857","8.95493381054339","8.82249162657712","7.91870165354036","8.21488668615527","9.0271189725807","8.50929449737937","7.94178759341781","7.10166537770784","7.98835302268982","7.07981048388642","8.38893657769504","7.84930509196198","7.56348033622302","6.94882372095505","7.32586616182175","6.60592997345896","7.59550394272193","7.98980326192201","7.69291149842623","8.04075009345207","7.58374605532464"
"MMP9","9.58190918635054","10.192652850438","9.81162863033122","12.2760644098811","9.35493135505508","10.582411261303","10.5308789994468","8.47153518505525","9.19670116480767","8.38635413921277","8.87343032685131","9.23942900953134","8.63680590546617","9.53358445202515","7.62588745878659","8.65291217464773","11.3144567375114","10.4396709721882","10.5051910492304","9.99805718871206","9.62974310969871","9.04781720888861","10.572694852394","9.5583876011155","11.4754844382168","9.75092557800238","9.85866946096107","9.0330368552773","10.227857765017","10.4557303272464","8.40809422593469","9.50186352642054","7.74659828536364","9.00742008880923","9.01581681079509","8.29745097701102","8.19176585369162","7.82110454949835","8.20006578156723","8.84271566893994","8.88820141181984","9.65775082634437","9.25871291440813","9.03798816025591"
"MPL","4.17908558464623","5.49683884088735","4.71118205745027","5.19902293382094","5.67510318571005","4.76255785195071","5.01988573629206","5.68932528236816","4.63799161351228","4.86481151189759","5.01815324106502","4.69983636264318","4.98347046436263","4.20992513198921","4.74306187122561","3.76160709206588","5.13213229005433","5.29276152564685","5.15422745963122","6.68784641746621","5.3706700140294","4.22626541341755","3.81509919244865","5.55602930430422","5.14839222977386","5.92876062295977","4.6928184650427","5.29726067540267","4.4434311676662","5.14918218816129","5.21149195578579","4.64575618497769","4.20161914332669","5.10953359450303","4.17495567663302","3.83129349809228","3.59194572582491","4.20407249267323","4.76637440506338","4.18697188102206","4.02329922595328","5.37489523072762","4.71671958730687","5.76983734870881"
"MYD88","8.98025067107223","9.07207892373759","9.50215360565853","9.40499203119715","8.89690216669864","8.95445712500652","9.64334983239078","8.78592930875026","8.85349233842086","8.88711792537341","8.63481646836214","8.56609287293928","9.16449976297659","9.10526990039502","9.01145810117378","9.0370048738371","9.2457104892799","9.63643019370765","8.93309792697686","9.46626030140652","9.12525931540299","9.13736547430308","9.2555465677422","8.97772617584903","9.60121863446193","9.22768231823293","9.19248942084199","9.1574224421154","9.32042444759384","8.90897690686431","8.87001584232384","9.12881925200283","8.52497427521538","8.88821648806492","9.05092214493899","8.5470148848815","8.62543732701186","8.42857081688225","8.50688685649968","8.65607605055222","8.92573227630715","9.05092214493899","9.01174513518256","9.18279489565875"
"MYL9","3.73753008718898","5.25009141314264","4.83400307066122","6.02363311781183","5.87075669205898","5.12086254721451","5.54667065864181","5.32587091920902","4.2546741138752","5.190618605014","4.3228397001837","5.2779133778032","4.5025384607648","4.51925637009923","5.43659986411313","4.50272687350273","4.49079107535236","5.38081787244517","6.04142995678015","6.4088376448686","5.40104991088003","4.38035102653289","4.43958238982174","5.61727901795442","5.55784054765905","6.04823993133243","5.58892673620607","5.31317017029335","4.71229552561924","5.4144534613659","5.28970699594218","4.58724219305035","4.02189276247168","5.1009963803704","4.31125973921288","4.23804603399384","4.42133052217055","4.28320623276357","5.16971595241963","4.75271619145295","4.34514071792444","4.86097974133275","4.08468383796742","4.9510624029177"
"OLFM4","3.63827354353537","6.96538075553924","3.78454791235823","6.76968223083909","4.25460617530817","7.73894502784042","3.54348495334525","5.96014258482689","3.07379972127033","3.44880836383273","2.31121910580583","4.52862925168685","3.12488166511866","6.03559508263568","3.22713353736455","3.52067299395628","4.99638364168378","4.70216795369864","5.17289991069065","5.30972231027628","4.30880197421178","4.58362053894236","4.02475523655223","8.24480848001933","4.44462091246805","5.13672290833018","3.57678053794947","3.99082798070327","4.09775602357779","4.80911165219819","3.75865270771891","3.25372325913154","3.95006287788789","4.45342777491686","4.18841373450705","3.94261537010195","3.74815077304822","4.2494174585054","3.9845162968118","3.14153176731673","5.06144677354592","4.03029843359927","4.17275406247016","5.5411151641386"
"POU2AF1","5.36729364384825","6.77566458727832","6.48631337413104","5.33516263691437","7.99491248294897","5.48732095341684","6.41015029628949","5.73762689382335","6.25999298223917","6.22755583953078","6.29346095850187","6.40626440572364","6.485867152807","5.76642954188261","6.13711972126441","6.7260307582575","5.09607727358039","5.5128911907108","6.81466970093243","5.0544384756588","5.61712694948195","5.86732559527433","5.65589514269943","6.22683128838732","5.64489382475484","6.1384531676846","6.1383188051291","6.0481743570079","6.5232450664217","5.93395377216779","7.02215929737423","6.75610125925834","6.60318467142646","6.47440045016393","6.3202115035094","6.95323601086802","6.12527693384646","6.37618869532458","7.32645984968063","6.63678617234182","5.71384923277103","6.38009816032965","6.31164247123317","6.86866357305718"
"PPY","3.53366793701806","3.617404596403","4.02968438933913","3.1651328502419","3.86763164632907","3.5764312790147","3.48380472533633","3.26397286430468","3.64953999538736","3.65992717788211","3.44595389915675","3.35323221039419","3.54455144059744","3.40050872175436","3.8174651153746","3.90245306700787","3.68065461077204","3.77789260475165","3.79189436681734","3.45388209019177","2.8315013596695","3.40817982648276","3.96892876816857","3.29412266889294","3.55342524383609","3.67842835045733","3.62585235313203","3.57109174803225","3.85647557408274","3.72661304950113","3.36641527992639","3.2243977190218","3.78290169045976","3.77856740348431","3.56897031489952","3.64867358451602","3.87800305568266","3.2731508041662","3.40205946466549","3.51877467930857","3.65179911859558","3.64076209676987","3.98171416375299","3.48705854218927"
"PROS1","4.07193498191271","5.09017606553485","5.09598918932011","6.00570057156582","5.9227786205827","4.89270099163399","5.54906646124191","5.5420016798654","4.62407815090284","4.49497363704195","4.63586814040697","5.38745414032321","4.5540836637044","5.31264848672949","5.43774966922401","4.05261189349922","4.54762378589031","5.57487606325717","5.24728157700635","5.33391851921091","5.65277841584707","4.52184363864435","5.22295390498586","5.69009809087118","5.15342674486675","5.66941112695952","5.21639723897202","5.09931868531895","4.9352274376589","5.49438332783915","4.56024731447338","4.6194185841292","4.46367294405197","4.60347646829221","5.00430661658784","4.45710674438543","4.61805014070416","4.99681664805393","4.72846587800815","4.87283957555068","4.92891973521841","5.40050125863579","5.11273217458334","5.25736186975127"
"PSTPIP1","8.22842673154505","7.55972716083629","8.0515688176586","8.0775416789213","7.57913316454961","7.88507843144618","7.88506499894289","7.63983780547306","8.05096649731602","7.59240017141185","7.56069718115841","7.68884881915097","7.06036082838267","7.63342069528504","7.09055995504156","7.62069078682559","7.80446403048664","8.38690750721969","8.15866495823386","7.77502292774937","7.58880069141381","7.37391308638468","7.86624967580639","7.78736948677815","8.15107695605613","7.42736106178901","7.65922970242059","7.83501245359551","7.3812355297558","7.81363524251163","8.19393731258483","7.75516642272492","7.51817930922378","7.44357404681506","7.78151341270043","7.57469866450269","7.36693771182422","7.53292996331616","7.3845572830781","7.59245764121584","7.46707317755339","7.53625073593558","7.64545439716264","7.57866895081994"
"PTGDR","5.99082328629671","4.3891294785389","4.63437782872253","4.31877256354379","4.12701390735513","4.43214026284019","5.28932182625668","4.65694469033599","5.27172367941376","5.62372471540864","5.64498271405861","5.07591769265803","5.29331275663257","5.48297735117831","6.09143750843164","4.81208570963286","4.33870451763435","4.39991527294112","4.64854339813362","4.61368468551203","4.96026855469817","5.11273011629277","5.00329416661524","4.51207811619718","5.11485262551289","4.89635361601549","5.44083594436963","5.24498458787915","4.45014992989329","4.97860416088455","5.43774607481826","5.56442345870789","5.85753489128304","5.51913466744462","5.77387026444004","4.60227399823607","5.74029966756717","5.26461971525029","4.87298552220082","5.04982649555808","5.46739752637369","4.79335835602345","5.04319428330076","5.07616618569274"
"S100A8","11.9800354962561","11.8364033692914","12.1032708085662","12.4467172382121","12.7194263064249","11.7330978258962","11.9099514702288","12.2129699916802","11.518228991769","11.7804820386964","11.7377655237059","10.5315037616422","10.9135235782313","11.0015692803151","10.7548614848125","10.7930586024935","12.8163240764823","13.0441792054656","12.6190594753339","11.5888615091241","12.3001513477589","12.1776918923713","11.7228576849304","11.9375055348406","12.0184645285671","11.1970581697193","10.8255017588107","11.500572403895","11.8848706659245","12.4563098949934","10.7684544279734","11.015105671668","11.2638636124472","10.6023655391127","11.9478615569764","10.9606061711728","11.1893126336306","11.3301608773749","11.5464678639441","11.5192842676172","11.4407967678418","10.9726475803576","11.4040236350559","11.1853270182909"
"S1PR5","7.58678474646225","6.31595117361557","6.31929181726256","5.92811088995284","5.36122758183432","5.92742058102345","6.28111764486418","6.29204808032204","6.84694586525273","7.35556242020822","7.43837886973042","6.73604106970063","6.59448672196413","6.77572514790285","7.6678541212681","6.63145314692601","5.48524192436941","5.47294502704452","6.4728903231975","6.01260643075856","6.2788831716706","7.01425105627692","6.69891608439674","5.63455097338044","6.71080647593053","6.97460300034038","7.11313879358545","6.79197031367117","5.30179437854769","6.48681414456061","7.38470308825575","7.32868303733496","7.96062123088478","6.55758498143164","7.16690176152592","6.43172417207877","7.0795066016053","6.58898623226824","6.40803866443605","6.4215316930732","7.45553619447795","6.52814790678088","7.207868260495","6.56240819110043"
"SELP","4.63706525131382","6.12575466008824","5.56195944517912","6.47752248048565","6.79384635663525","5.53829617893059","6.52712728635476","6.19394668137454","5.09652725017045","5.50084524200583","4.96907831812721","5.83901647188959","5.53829617893059","5.2370761443977","5.17856389448052","4.96392805049966","5.19081103330028","5.90232676033842","6.12328847515915","7.56188214717787","6.14520981299549","5.47251293833131","5.30491816394032","5.79720178895673","5.68227213021697","6.72552297602877","5.73998583143625","5.98348441468507","5.38013186375562","5.33820558065202","5.85635868706668","5.46903125529179","5.0951498527893","5.784629878362","5.01389603559118","5.40034148282651","5.00149011318129","4.96621690423352","5.16823358687842","5.38189542321342","4.93390470243951","5.7954915246301","5.25474142794883","5.75507378811854"
"SH3BGRL2","4.73892203374334","6.39716674330365","6.61118293819476","7.61086086254339","7.45940302439366","6.26078089492314","7.20717643258072","7.53916723015206","4.1756777590491","6.81541450224917","6.43352065440756","7.16040929207503","6.24920528222925","6.72699256125523","6.91199618180496","5.73103072033003","7.18544285463606","7.27023282609639","6.8997011386666","7.59772078306436","7.56830807830141","5.25010415125764","6.61507017147988","7.14010459701761","6.48879593109209","7.49752683803307","6.48399211366414","6.28144645617869","6.27678113059396","7.24215336773034","6.43797935169789","6.20877043890353","5.61568873816969","6.53785528901959","6.18394653309844","5.54545415739261","5.27150902474894","6.5220872996709","6.15731200680946","5.44734431129178","5.97058852324101","6.87202948798979","6.19186868186795","6.66394136427444"
"SOD1","10.0201379601758","9.53289182852988","9.86043762436482","9.42730824811837","8.85931083066025","9.2883921422013","8.99954156738304","9.72213142683022","9.57395140289299","9.78554473261613","9.91140207109574","10.0132472208072","9.56277361971988","9.59529986276009","10.3373408712718","9.59535860378066","8.87392015843713","9.25433242261539","9.32173456238346","8.77047479841539","9.38027548980365","9.70344415281219","9.17415289969739","9.31010320460905","8.9393765170818","8.87123726136242","9.67911086789707","9.45376600928025","9.76147611070312","9.63672703291947","10.2680663506715","9.9699917294026","9.85071608144128","9.75650359055525","9.79241411350938","10.1201185072968","10.1201185072968","9.98659765238928","10.1933728124697","9.95965189089464","9.82763591085653","9.84663640537644","9.85531571044934","9.77815510929042"
"SPON2","6.33763985689801","5.82783395660452","4.99736277355092","5.44175727644647","3.56588419150901","4.80325524489213","5.13163424089581","4.91605932542384","5.37691695447646","6.02864261479862","6.20306087397005","4.94316947083678","5.10689531222237","6.09564867344347","6.57836125018898","6.49507373115245","4.76390734567031","5.09633505219791","5.0597229005152","4.80207698680524","5.08645580998221","5.50851344210265","5.88604603491952","4.44498560274724","5.98126840353158","5.67656284950596","6.35590445203439","5.26665156303051","4.62325484806569","5.00232264668711","6.41821411528822","6.53851021930925","6.10781436353726","4.96175166108307","5.70124035432014","5.00670384624374","5.85708269478795","5.41411491384151","5.72915422598276","5.34568784396169","6.00507063499384","5.64180926805545","5.46978053785694","5.2386758969243"
"THBS1","3.89510471026933","3.84214324255633","3.97052304165541","5.41800023558268","5.95221584254315","5.04915440471409","4.68190391633788","5.469650103388","4.18343010267525","4.54631529267187","4.35185648303488","5.01050197585245","4.19870724903851","5.37431315270206","4.73887214271662","4.4784065843182","3.19345414852448","4.43856468913248","4.7480431816265","6.17600264263526","5.74329275407317","4.87396817717755","3.92648364648022","5.37720189842353","4.98957882287947","4.69410658162013","4.89588555621274","4.97896336070785","5.26675185028679","5.03624202606882","4.38071635601694","4.67032936475915","5.82236221324481","4.75688047348612","3.02111800662969","4.08183015171365","3.78693353936723","3.90170367241346","4.86693252580088","4.59807728357381","4.11978497242589","5.17956964505563","5.0076410740156","4.70034786906395"
"TLR2","6.92115483481952","7.18467907990946","7.32950964553666","6.92532377350818","7.21651675064884","7.27092548062933","7.26141645687491","7.51073426484771","7.18325753077663","7.08492662012513","6.57722277361232","7.2922341422413","6.89280031275974","7.4265487545336","6.18938229793394","6.70014102007694","6.87846692737325","7.56665766284258","6.96963203410244","7.14730611682194","7.2943786918011","7.41882845388202","7.09539650222798","7.52815689695078","7.71256647341267","7.43218141905028","7.05911641647342","7.44094964190079","7.13366332272109","7.21411467069068","6.09270102786014","6.72933550028338","7.07606046979714","6.77238676134492","6.99577124342171","6.78697960352402","6.92695575465168","6.41300070504499","6.60449539623003","6.79875828563343","7.03730780481373","7.15537254231764","6.75264010548325","6.80807363002297"
"TNFRSF11B","2.99946880295383","3.03190431798705","2.83007498892079","3.25058716450271","3.63589511356511","3.26872108141131","3.11852325233453","2.99080581903634","3.2445474311398","3.1537237770662","2.92292092843472","3.02607259113689","2.98346857741433","2.94469608033138","3.16185472789267","2.78631957464494","3.03507720281053","3.18406492382544","3.63054575116937","3.77880791128273","3.10513387985252","3.20195351154905","2.36660654375507","2.9996811587719","2.94073653472908","3.46902673235855","3.43668224482991","2.23594968224806","3.03138964625911","3.0874710664897","2.81394961637211","3.224561488332","2.87642150748079","3.17214017799536","3.44018383599039","3.04595889847887","2.91059054952519","2.89540136497486","2.63126598491826","3.22147604125718","3.13760602542629","3.35602048579628","3.47183761140025","2.78054793087544"
"TNFRSF13B","4.70348089639555","5.52126170152708","4.76169126139188","4.32524188943579","5.44039659291543","4.89282226856003","4.8988000479185","4.93259838640967","5.22783548088735","4.92670979667647","4.5732617212349","4.99716278782499","5.16938541423743","5.19030878631113","4.80055967138466","5.41660925133155","3.69859379964924","4.59740726465101","5.22827122552998","4.54344715727261","4.70004803101097","4.73333214471648","4.66493747225859","4.9374655717689","4.51712218194737","4.41291000139009","4.93177040595083","4.6601291181596","5.34522130020345","4.42196268761396","5.78534383243369","5.45509122519278","5.50757301454843","5.06699636900021","5.43879153081177","5.73409641552801","5.19181039703376","5.52478985902645","6.08362498585203","5.1285033915179","4.54664450962983","5.16771955358279","4.50332092985588","4.84282097260363"
"TRAF5","4.83238949460915","4.29325813629677","4.45765712089813","4.48672309133002","4.20408833456695","4.20826967109219","4.10396964362711","4.25630712938676","4.40624472904352","4.73911784383697","4.55551301137496","4.86244039590218","4.21466148557492","4.50268254366447","4.55918964515952","4.50480637111016","3.98306008218664","3.72724626392751","4.07848368768724","4.14939861831819","4.57890904348962","4.53028443220934","4.40415869741687","4.54719744747807","4.27567077941481","4.52830447072746","4.53548704044089","4.59182264846204","4.44074726974701","4.35354984224098","4.53138824336535","4.35287555681832","4.73394415586544","4.45849611561942","4.61648201665172","4.59311643828708","4.65405021014013","4.58446789727652","4.6213775872324","4.65024344415234","4.2372125784416","4.42708428856795","4.61057263172322","4.75263912351556"
"TREML1","4.59122054152","7.21262233604067","6.66106993736576","7.68189198311805","7.9652119843647","6.39120628480366","6.93100649207893","6.59907765244511","5.96677262683945","6.32817367971057","6.05315457349159","6.80356141287637","5.86288070575914","6.01283202762735","5.86288070575914","4.89685468398468","6.4896784364198","7.656561711477","7.45566663427929","8.18366634247297","6.5526870213917","5.45591917375119","6.16376455266251","6.76568745263455","6.29514388164435","7.4540495882341","6.41087100510207","7.01875052146311","5.86913368149536","6.88052916986363","6.95514714912086","5.96561827779414","5.1540588730175","6.71008934021643","5.88837727508842","5.22353093137891","5.37038882287559","5.85683486347556","5.75579088033749","5.61357182832291","5.10728199915588","6.64784570816258","5.86073503089908","6.81929331146154"
"TSPAN9","5.12842913270085","6.40750591767174","6.12850096351955","6.18913811436691","6.93132546520417","5.78082274693641","6.22879314915796","5.79642131036337","6.0630765066169","5.22050748627185","5.91053608227389","6.08771882839157","6.17453373767042","5.38951643524835","5.60333556030112","5.86099588490677","6.12974902348227","6.38125982825723","6.69221023903929","7.5906223479316","6.88315091543393","5.29865539424328","5.76997379249434","6.79110617892838","5.98961038049965","7.15351382401498","6.15386944046754","5.92326084039642","5.75121631367179","6.45684812028876","6.32588099877792","5.26597808711455","5.00945759492282","6.36809513491127","4.9209913556556","5.11163433264384","4.70709463429297","5.2863912761129","5.35217666590004","5.15713490561185","5.40952205829353","6.36303942819666","5.33540164685694","6.31775066120662"
"VNN1","4.16339754838527","7.6849409468048","6.01812068571437","5.79537712076531","6.7049791514928","6.35809090011535","5.60477667926698","5.50522322698865","4.87420216188033","4.77660740307713","5.09850557050684","5.186098652316","5.57421895664981","5.59671825813597","5.54185169149084","4.81870385439276","6.8271032979369","6.94756397475884","6.45123140530549","5.63539853310612","5.58976567310892","6.82369325598372","5.19139885445654","6.82755901942791","6.13737556007389","5.32941676903405","5.34864867431206","5.23412704868973","5.46953725319435","5.78820365387693","4.71055889175383","5.49860035108424","5.28238717863073","5.23709858795097","5.33449365314218","4.78643883671531","5.19575698005516","5.22351596001564","5.05348132688327","4.74555547635907","5.11046531706994","5.33587267528992","5.41963058717941","5.17162577367755"
"VPREB3","5.45755469152694","5.6416224727812","5.74503569741097","5.51607969735198","5.18244458621742","4.09854978985158","6.10349610163892","4.25765283629905","5.61089775896177","5.6575949189565","5.99886113815148","5.86957521025399","6.50343739146111","5.36465891354499","6.1852848611965","6.53282182343291","5.13674160062127","4.45648442775361","6.56167655193751","3.99800884511753","4.70518753336702","4.83123382889868","4.62138432203791","6.18990609601709","4.47082672345114","3.89622834231541","4.99692365110715","5.34761955520367","5.50162931221568","4.6924145840735","6.5175338837023","6.25402699540749","5.92462271304871","6.68088860409295","5.78574431679245","6.9979572595158","6.37410990442803","6.17252527704891","6.84607642579072","6.20596292472978","5.18734435604183","6.52063317463516","5.6905184581424","6.27207480711782"
